{
    "featureNames": [
        "dummy:Fare:0.0", 
        "dummy:Fare:2.0", 
        "dummy:Fare:1.0", 
        "dummy:Fare:N/A", 
        "dummy:Fare:__Others__", 
        "dummy:Embarked:0", 
        "dummy:Embarked:1", 
        "dummy:Embarked:N/A", 
        "dummy:Age:__Others__", 
        "dummy:Title:0", 
        "dummy:Title:1", 
        "dummy:Title:2", 
        "dummy:Pclass:3", 
        "dummy:Pclass:1", 
        "dummy:Sex:0", 
        "dummy:Sex:__Others__", 
        "dummy:FamilySize:0.0", 
        "dummy:FamilySize:0.4", 
        "dummy:FamilySize:0.8", 
        "dummy:FamilySize:1.2", 
        "dummy:FamilySize:__Others__", 
        "dummy:Cabin:1.2055", 
        "dummy:Cabin:0.4", 
        "dummy:Cabin:1.6", 
        "dummy:Cabin:__Others__"
    ], 
    "tree": {
        "rightChild": [
            22, 
            15, 
            10, 
            7, 
            6, 
            -1, 
            -1, 
            9, 
            -1, 
            -1, 
            12, 
            -1, 
            14, 
            -1, 
            -1, 
            17, 
            -1, 
            21, 
            20, 
            -1, 
            -1, 
            -1, 
            32, 
            31, 
            28, 
            27, 
            -1, 
            -1, 
            30, 
            -1, 
            -1, 
            -1, 
            38, 
            37, 
            36, 
            -1, 
            -1, 
            -1, 
            40, 
            -1, 
            -1
        ], 
        "impurity": [
            0.500000000000008, 
            0.3314322884458766, 
            0.258761861299589, 
            0.12569561119464012, 
            0.4543797272360872, 
            0.22560690808151462, 
            0.31903290973203435, 
            0.04184915238468012, 
            0.018024687592953392, 
            0.1230850897173118, 
            0.4229853015396502, 
            0.0, 
            0.4543797272360883, 
            0.3494070900181121, 
            0.49999682759233444, 
            0.3540662231977606, 
            0.0, 
            0.22599935109740754, 
            0.12923823449196614, 
            -2.220446049250313e-16, 
            0.31903290973203324, 
            -1.3322676295501878e-15, 
            0.3634445460772958, 
            0.2797185106748803, 
            0.2724725251835318, 
            0.2356789343840271, 
            0.22798434460705785, 
            0.48944050514983983, 
            0.4366150176017023, 
            0.464754663950399, 
            -1.9984014443252818e-15, 
            1.1435297153639112e-14, 
            0.49225835262756146, 
            0.49971691773244775, 
            0.4993847523994419, 
            0.4863475685453662, 
            0.4191393284090714, 
            8.43769498715119e-15, 
            0.2259993510974051, 
            0.0, 
            1.4432899320127035e-15
        ], 
        "probas": [
            [
                0.49999999999999817, 
                0.5000000000000019
            ], 
            [
                0.2096831803407504, 
                0.7903168196592496
            ], 
            [
                0.15269743831897017, 
                0.8473025616810298
            ], 
            [
                0.06738909583474419, 
                0.9326109041652558
            ], 
            [
                0.3489697501096011, 
                0.651030249890399
            ], 
            [
                0.12959947899706936, 
                0.8704005210029306
            ], 
            [
                0.8008048289738431, 
                0.19919517102615697
            ], 
            [
                0.021381755667776902, 
                0.9786182443322231
            ], 
            [
                0.009095063985374761, 
                0.9909049360146253
            ], 
            [
                0.06588313193179939, 
                0.9341168680682006
            ], 
            [
                0.30376710461756534, 
                0.6962328953824346
            ], 
            [
                0.0, 
                1.0
            ], 
            [
                0.34896975010960113, 
                0.6510302498903988
            ], 
            [
                0.225598004761365, 
                0.7744019952386351
            ], 
            [
                0.5012594458438289, 
                0.4987405541561712
            ], 
            [
                0.7701238390092879, 
                0.22987616099071204
            ], 
            [
                0.0, 
                1.0
            ], 
            [
                0.870135548753826, 
                0.12986445124617402
            ], 
            [
                0.9305588028992285, 
                0.06944119710077155
            ], 
            [
                1.0, 
                0.0
            ], 
            [
                0.8008048289738431, 
                0.19919517102615697
            ], 
            [
                0.0, 
                1.0
            ], 
            [
                0.7613000707259044, 
                0.23869992927409553
            ], 
            [
                0.8318745917700846, 
                0.1681254082299154
            ], 
            [
                0.8372888041548876, 
                0.1627111958451124
            ], 
            [
                0.8635389013681843, 
                0.13646109863181563
            ], 
            [
                0.8687923910501284, 
                0.1312076089498716
            ], 
            [
                0.5726618705035971, 
                0.4273381294964029
            ], 
            [
                0.6780238500851788, 
                0.3219761499148211
            ], 
            [
                0.6327503974562798, 
                0.36724960254372013
            ], 
            [
                1.0, 
                0.0
            ], 
            [
                0.0, 
                1.0
            ], 
            [
                0.5622159439872253, 
                0.4377840560127747
            ], 
            [
                0.5118971061093247, 
                0.48810289389067524
            ], 
            [
                0.48246079248427914, 
                0.5175392075157209
            ], 
            [
                0.5826209157981028, 
                0.41737908420189707
            ], 
            [
                0.29892703862660946, 
                0.7010729613733906
            ], 
            [
                1.0, 
                0.0
            ], 
            [
                0.870135548753826, 
                0.12986445124617405
            ], 
            [
                1.0, 
                0.0
            ], 
            [
                0.0, 
                1.0
            ]
        ], 
        "feature": [
            9, 
            20, 
            12, 
            15, 
            16, 
            -2, 
            -2, 
            2, 
            -2, 
            -2, 
            15, 
            -2, 
            5, 
            -2, 
            -2, 
            21, 
            -2, 
            0, 
            10, 
            -2, 
            -2, 
            -2, 
            13, 
            23, 
            6, 
            8, 
            -2, 
            -2, 
            17, 
            -2, 
            -2, 
            -2, 
            4, 
            8, 
            2, 
            -2, 
            -2, 
            -2, 
            22, 
            -2, 
            -2
        ],