{
    "featureNames": [
        "dummy:Age:2.0", 
        "dummy:Age:1.0", 
        "dummy:Age:3.0", 
        "dummy:Age:N/A", 
        "dummy:Age:__Others__", 
        "dummy:Sex:0", 
        "dummy:Sex:N/A", 
        "dummy:Sex:__Others__", 
        "dummy:FamilySize:0.0", 
        "dummy:FamilySize:0.4", 
        "dummy:FamilySize:0.8", 
        "dummy:FamilySize:1.2", 
        "dummy:FamilySize:N/A", 
        "dummy:FamilySize:__Others__"
    ], 
    "tree": {
        "rightChild": [
            22, 
            15, 
            10, 
            7, 
            6, 
            -1, 
            -1, 
            9, 
            -1, 
            -1, 
            14, 
            13, 
            -1, 
            -1, 
            -1, 
            21, 
            20, 
            19, 
            -1, 
            -1, 
            -1, 
            -1, 
            34, 
            31, 
            28, 
            27, 
            -1, 
            -1, 
            30, 
            -1, 
            -1, 
            33, 
            -1, 
            -1, 
            38, 
            37, 
            -1, 
            -1, 
            -1
        ], 
        "impurity": [
            0.500000000000008, 
            0.4072808612002611, 
            0.3705379607358328, 
            0.33893066473659106, 
            0.32971463562177306, 
            0.24401753864447073, 
            0.39219247075284547, 
            0.37594398655321504, 
            0.0, 
            -4.440892098500626e-16, 
            0.47795917632042406, 
            0.46014777247262895, 
            0.4894405051498366, 
            0.367199052626606, 
            0.0, 
            0.45437972723609876, 
            0.4984796159455902, 
            0.4894405051498366, 
            0.48944050514983695, 
            0.48944050514983706, 
            0.49841442405029746, 
            0.22560690808151496, 
            0.2911258590035256, 
            0.24160913787077898, 
            0.27350651292062444, 
            0.2518970322171784, 
            0.2578515543248989, 
            0.21957746619032725, 
            0.3920297363069012, 
            0.3579112257856527, 
            -1.9984014443252818e-15, 
            0.11437098588890482, 
            -2.220446049250313e-16, 
            0.24578002868327797, 
            0.4560684994005211, 
            0.21039235648837107, 
            0.0, 
            0.39578487070260837, 
            -4.440892098500626e-16
        ], 
        "probas": [
            [
                0.49999999999999817, 
                0.5000000000000019
            ], 
            [
                0.7153127246585183, 
                0.28468727534148186
            ], 
            [
                0.7544229149115412, 
                0.24557708508845888
            ], 
            [
                0.7837863062793992, 
                0.21621369372060073
            ], 
            [
                0.7917921900755979, 
                0.20820780992440216
            ], 
            [
                0.857758620689655, 
                0.1422413793103449
            ], 
            [
                0.7321718428741478, 
                0.2678281571258522
            ], 
            [
                0.2509457755359395, 
                0.7490542244640606
            ], 
            [
                0.0, 
                1.0
            ], 
            [
                1.0, 
                0.0
            ], 
            [
                0.6049781493444804, 
                0.3950218506555197
            ], 
            [
                0.6411598872331856, 
                0.3588401127668144
            ], 
            [
                0.5726618705035972, 
                0.4273381294964028
            ], 
            [
                0.7576828936633124, 
                0.2423171063366875
            ], 
            [
                0.0, 
                1.0
            ], 
            [
                0.34896975010960113, 
                0.6510302498903989
            ], 
            [
                0.5275715800636267, 
                0.4724284199363733
            ], 
            [
                0.5726618705035971, 
                0.42733812949640293
            ], 
            [
                0.5726618705035971, 
                0.4273381294964029
            ], 
            [
                0.5726618705035971, 
                0.4273381294964029
            ], 
            [
                0.4718435091879075, 
                0.5281564908120925
            ], 
            [
                0.12959947899706936, 
                0.8704005210029306
            ], 
            [
                0.17683275150745753, 
                0.8231672484925424
            ], 
            [
                0.14056234050309843, 
                0.8594376594969015
            ], 
            [
                0.16347846496890006, 
                0.8365215350310999
            ], 
            [
                0.14779056813962105, 
                0.852209431860379
            ], 
            [
                0.1520427859096026, 
                0.8479572140903974
            ], 
            [
                0.12555205047318616, 
                0.8744479495268138
            ], 
            [
                0.2676529926025555, 
                0.7323470073974445
            ], 
            [
                0.23345847020178323, 
                0.7665415297982169
            ], 
            [
                1.0, 
                0.0
            ], 
            [
                0.060893512851897216, 
                0.9391064871481027
            ], 
            [
                0.0, 
                1.0
            ], 
            [
                0.1434751261715934, 
                0.8565248738284066
            ], 
            [
                0.6482084690553745, 
                0.3517915309446254
            ], 
            [
                0.8805309734513274, 
                0.11946902654867256
            ], 
            [
                1.0, 
                0.0
            ], 
            [
                0.7282708142726441, 
                0.27172918572735594
            ], 
            [
                0.0, 
                1.0
            ]
        ], 
        "feature": [
            7, 
            10, 
            9, 
            11, 
            0, 
            -2, 
            -2, 
            1, 
            -2, 
            -2, 
            4, 
            0, 
            -2, 
            -2, 
            -2, 
            4, 
            2, 
            1, 
            -2, 
            -2, 
            -2, 
            -2, 
            13, 
            2, 
            10, 
            4, 
            -2, 
            -2, 
            1, 
            -2, 
            -2, 
            9, 
            -2, 
            -2, 
            1, 
            4, 
            -2, 
            -2, 
            -2
        ], 
        "leftChild": [
            1, 
            2, 
            3, 
            4, 
            5, 
            -1, 
            -1, 
            8, 
            -1, 
            -1, 
            11, 
            12, 
            -1, 
            -1, 
            -1, 
            16, 
            17, 
            18, 
            -1, 
            -1, 
            -1, 
            -1, 
            23, 
            24, 
            25, 
            26, 
            -1, 
            -1, 
            29, 
            -1, 
            -1, 
            32, 
            -1, 
            -1, 
            35, 
            36, 
            -1, 
            -1, 
            -1
        ],