{
    "usedGridSearch": true, 
    "probaAware": true, 
    "gridSize": 5, 
    "modelInputNRows": 496, 
    "partialDependencies": [
        {
            "isDate": false, 
            "computedPostTraining": true, 
            "feature": "Embarked", 
            "unrepresentedModalities": [
                "2"
            ], 
            "randomState": 1337, 
            "categories": [
                "0", 
                "1", 
                "2", 
                "__DKU_UNREPRESENTED__"
            ], 
            "nbRecords": 130, 
            "onSample": false, 
            "distribution": [
                0.7384615384615385, 
                0.16923076923076924, 
                0.09230769230769231, 
                0.0
            ], 
            "data": [
                [
                    -0.11541396811671184, 
                    0.566577661663858, 
                    -0.11541396811671184, 
                    -0.11541396811671184
                ]
            ], 
            "indicesToDrop": []
        }, 
        {
            "isDate": false, 
            "categories": [
                "3", 
                "2", 
                "1", 
                "__DKU_UNREPRESENTED__"
            ], 
            "computedPostTraining": true, 
            "feature": "Pclass", 
            "randomState": 1337, 
            "indicesToDrop": [], 
            "nbRecords": 130, 
            "onSample": false, 
            "distribution": [
                0.5230769230769231, 
                0.2692307692307692, 
                0.2076923076923077, 
                0.0
            ], 
            "data": [
                [
                    -0.48605721222950726, 
                    0.23835907474934817, 
                    0.9151601042733074, 
                    0.23835907474934817
                ]
            ], 
            "unrepresentedModalities": [
                "2"
            ]
        }, 
        {
            "isDate": false, 
            "indicesToDrop": [], 
            "computedPostTraining": true, 
            "feature": "Cabin", 
            "randomState": 1337, 
            "unrepresentedModalities": [
                "1.2", 
                "2.0", 
                "0.2", 
                "2.4"
            ], 
            "nbRecords": 130, 
            "onSample": false, 
            "distribution": [
                0.7923076923076923, 
                0.06923076923076923, 
                0.038461538461538464, 
                0.038461538461538464, 
                0.03076923076923077, 
                0.015384615384615385, 
                0.007692307692307693, 
                0.007692307692307693, 
                0.0
            ], 
            "data": [
                [
                    -0.0953851687628125, 
                    0.04476119399731965, 
                    0.23292488672703893, 
                    1.3537182723437045, 
                    0.18607573015501128, 
                    0.18607573015501128, 
                    0.18607573015501128, 
                    0.18607573015501128, 
                    0.18607573015501128
                ]
            ], 
            "categories": [
                "1.2055", 
                "0.8", 
                "0.4", 
                "1.6", 
                "1.2", 
                "2.0", 
                "0.2", 
                "2.4", 
                "__DKU_UNREPRESENTED__"
            ]
        }, 
        {
            "isDate": false, 
            "computedPostTraining": true, 
            "feature": "Sex", 
            "unrepresentedModalities": [
                "1"
            ], 
            "randomState": 1337, 
            "categories": [
                "0", 
                "1", 
                "__DKU_UNREPRESENTED__"
            ], 
            "nbRecords": 130, 
            "onSample": false, 
            "distribution": [
                0.6538461538461539, 
                0.34615384615384615, 
                0.0
            ], 
            "data": [
                [
                    -0.29586830236199857, 
                    0.5588623489059974, 
                    0.5588623489059974
                ]
            ], 
            "indicesToDrop": []
        }, 
        {
            "isDate": false, 
            "categories": [
                "0.0", 
                "0.4", 
                "0.8", 
                "1.2", 
                "1.6", 
                "2.4", 
                "2.0", 
                "4.0", 
                "__DKU_UNREPRESENTED__"
            ], 
            "computedPostTraining": true, 
            "feature": "FamilySize", 
            "randomState": 1337, 
            "indicesToDrop": [], 
            "nbRecords": 130, 
            "onSample": false, 
            "distribution": [
                0.5923076923076923, 
                0.18461538461538463, 
                0.13076923076923078, 
                0.038461538461538464, 
                0.023076923076923078, 
                0.015384615384615385, 
                0.007692307692307693, 
                0.007692307692307693, 
                0.0
            ], 
            "data": [
                [
                    0.05916248554892711, 
                    -0.04118770519019749, 
                    0.3165686847900936, 
                    0.08929780694012512, 
                    -1.3421661626906947, 
                    -1.3421661626906947, 
                    -1.3421661626906947, 
                    -1.3421661626906947, 
                    -1.3421661626906947
                ]
            ], 
            "unrepresentedModalities": [
                "1.6", 
                "2.4", 
                "2.0", 
                "4.0"
            ]
        }, 
        {
            "isDate": false, 
            "indicesToDrop": [], 
            "computedPostTraining": true, 
            "feature": "Title", 
            "randomState": 1337, 
            "unrepresentedModalities": [
                "3"
            ], 
            "nbRecords": 130, 
            "onSample": false, 
            "distribution": [
                0.6153846153846154, 
                0.16923076923076924, 
                0.16153846153846155, 
                0.05384615384615385, 
                0.0
            ], 
            "data": [
                [
                    -0.7503649778069208, 
                    1.1348748313392205, 
                    1.291325148367442, 
                    1.1348748313392205, 
                    1.1348748313392205
                ]
            ], 
            "categories": [
                "0", 
                "1", 
                "2", 
                "3", 
                "__DKU_UNREPRESENTED__"
            ]
        }, 
        {
            "isDate": false, 
            "computedPostTraining": true, 
            "feature": "Age", 
            "unrepresentedModalities": [
                "0.0", 
                "4.0"
            ], 
            "randomState": 1337, 
            "categories": [
                "2.0", 
                "1.0", 
                "3.0", 
                "0.0", 
                "4.0", 
                "__DKU_UNREPRESENTED__"
            ], 
            "nbRecords": 130, 
            "onSample": false, 
            "distribution": [
                0.3923076923076923, 
                0.2692307692307692, 
                0.2692307692307692, 
                0.046153846153846156, 
                0.023076923076923078, 
                0.0
            ], 
            "data": [
                [
                    0.1628744561501846, 
                    0.1133882485532047, 
                    -0.37987657714286915, 
                    0.1133882485532047, 
                    0.1133882485532047, 
                    0.1133882485532047
                ]
            ], 
            "indicesToDrop": []
        }, 
        {
            "computedPostTraining": true, 
            "randomState": 1337,