{
    "featureNames": [
        "dummy:Age:2.0", 
        "dummy:Age:1.0", 
        "dummy:Age:3.0", 
        "dummy:Age:N/A", 
        "dummy:Age:__Others__", 
        "dummy:Pclass:3", 
        "dummy:Pclass:1", 
        "dummy:Pclass:N/A", 
        "dummy:Pclass:__Others__", 
        "dummy:Sex:0", 
        "dummy:Sex:N/A", 
        "dummy:Sex:__Others__", 
        "dummy:FamilySize:0.0", 
        "dummy:FamilySize:0.4", 
        "dummy:FamilySize:0.8", 
        "dummy:FamilySize:1.2", 
        "dummy:FamilySize:N/A", 
        "dummy:FamilySize:__Others__"
    ], 
    "tree": {
        "rightChild": [
            28, 
            17, 
            10, 
            7, 
            6, 
            -1, 
            -1, 
            9, 
            -1, 
            -1, 
            14, 
            13, 
            -1, 
            -1, 
            16, 
            -1, 
            -1, 
            23, 
            22, 
            21, 
            -1, 
            -1, 
            -1, 
            27, 
            26, 
            -1, 
            -1, 
            -1, 
            40, 
            35, 
            34, 
            33, 
            -1, 
            -1, 
            -1, 
            39, 
            38, 
            -1, 
            -1, 
            -1, 
            46, 
            45, 
            44, 
            -1, 
            -1, 
            -1, 
            50, 
            49, 
            -1, 
            -1, 
            -1
        ], 
        "impurity": [
            0.500000000000008, 
            0.4072808612002611, 
            0.37053796073583334, 
            0.28780496203577766, 
            0.26884885238094214, 
            0.2159926396617743, 
            0.3055683464694521, 
            0.46815722155267714, 
            0.2457800286832773, 
            0.0, 
            0.4956376041540963, 
            0.46996605957037674, 
            0.498414424050297, 
            0.3540662231977697, 
            0.4873855686461801, 
            0.48048094432882404, 
            0.48854115047667523, 
            0.45437972723609876, 
            0.4984796159455904, 
            0.49249446338892655, 
            0.48048094432882393, 
            0.4984144240502977, 
            2.1094237467877974e-15, 
            0.22560690808151496, 
            0.37594398655321104, 
            0.2984748758522009, 
            0.48048094432882404, 
            -4.440892098500626e-16, 
            0.2911258590035256, 
            0.04099603713652389, 
            0.029878612031893015, 
            0.08717509658018407, 
            0.0, 
            0.2457800286832772, 
            3.3306690738754696e-16, 
            0.15945205542806906, 
            0.48048094432882404, 
            0.0, 
            -4.440892098500626e-16, 
            2.220446049250313e-16, 
            0.4851804671999973, 
            0.4543797272360891, 
            0.44377157050671845, 
            0.460875248238403, 
            0.3759439865532125, 
            -8.659739592076221e-15, 
            0.3357652830070744, 
            0.2103923564883705, 
            6.661338147750939e-16, 
            0.3957848707026078, 
            -1.3322676295501878e-15
        ], 
        "probas": [
            [
                0.49999999999999817, 
                0.5000000000000019
            ], 
            [
                0.7153127246585183, 
                0.28468727534148186
            ], 
            [
                0.7544229149115412, 
                0.24557708508845888
            ], 
            [
                0.8257261410788379, 
                0.17427385892116218
            ], 
            [
                0.8399640772339467, 
                0.1600359227660533
            ], 
            [
                0.8768337566740967, 
                0.1231662433259032
            ], 
            [
                0.8117945265159016, 
                0.18820547348409838
            ], 
            [
                0.6261799874134676, 
                0.37382001258653247
            ], 
            [
                0.14347512617159336, 
                0.8565248738284067
            ], 
            [
                1.0, 
                0.0
            ], 
            [
                0.5467032967032969, 
                0.4532967032967032
            ], 
            [
                0.6225437481669762, 
                0.3774562518330238
            ], 
            [
                0.4718435091879076, 
                0.5281564908120925
            ], 
            [
                0.7701238390092879, 
                0.22987616099071204
            ], 
            [
                0.42058201918387256, 
                0.5794179808161274
            ], 
            [
                0.40120967741935487, 
                0.5987903225806452
            ], 
            [
                0.4243070362473348, 
                0.5756929637526653
            ], 
            [
                0.34896975010960113, 
                0.6510302498903989
            ], 
            [
                0.5275715800636267, 
                0.4724284199363733
            ], 
            [
                0.4387401574803149, 
                0.5612598425196851
            ], 
            [
                0.4012096774193548, 
                0.5987903225806451
            ], 
            [
                0.4718435091879075, 
                0.5281564908120925
            ], 
            [
                1.0, 
                0.0
            ], 
            [
                0.12959947899706936, 
                0.8704005210029306
            ], 
            [
                0.2509457755359395, 
                0.7490542244640606
            ], 
            [
                0.18256880733944952, 
                0.8174311926605505
            ], 
            [
                0.40120967741935487, 
                0.5987903225806452
            ], 
            [
                0.0, 
                1.0
            ], 
            [
                0.17683275150745753, 
                0.8231672484925424
            ], 
            [
                0.02093634928984741, 
                0.9790636507101526
            ], 
            [
                0.015169417235202168, 
                0.9848305827647977
            ], 
            [
                0.04567362864356211, 
                0.9543263713564379
            ], 
            [
                0.0, 
                1.0
            ], 
            [
                0.14347512617159336, 
                0.8565248738284067
            ], 
            [
                0.0, 
                1.0
            ], 
            [
                0.08735733099209832, 
                0.9126426690079016
            ], 
            [
                0.40120967741935487, 
                0.5987903225806452
            ], 
            [
                1.0, 
                0.0
            ], 
            [
                0.0, 
                1.0
            ], 
            [
                0.0, 
                1.0
            ], 
            [
                0.41392, 
                0.5860799999999999
            ], 
            [
                0.34896975010960113, 
                0.6510302498903988
            ], 
            [
                0.33232706018369845, 
                0.6676729398163015
            ], 
            [
                0.36013443640124115, 
                0.6398655635987589
            ], 
            [
                0.2509457755359395, 
                0.7490542244640606
            ], 
            [
                1.0, 
                0.0
            ], 
            [
                0.7865612648221344, 
                0.21343873517786563
            ], 
            [
                0.8805309734513274, 
                0.11946902654867256
            ], 
            [
                1.0, 
                0.0
            ], 
            [
                0.7282708142726441, 
