{
    "featureNames": [
        "dummy:Fare:0.0", 
        "dummy:Fare:2.0", 
        "dummy:Fare:1.0", 
        "dummy:Fare:N/A", 
        "dummy:Fare:__Others__", 
        "dummy:Embarked:0", 
        "dummy:Embarked:1", 
        "dummy:Embarked:N/A", 
        "dummy:Title:0", 
        "dummy:Title:1", 
        "dummy:Title:2", 
        "dummy:Pclass:3", 
        "dummy:Pclass:1", 
        "dummy:Sex:0", 
        "dummy:Sex:__Others__", 
        "dummy:FamilySize:0.0", 
        "dummy:FamilySize:0.4", 
        "dummy:Cabin:1.2055", 
        "dummy:Cabin:0.4", 
        "interaction:Pclass:Sex:3:0", 
        "interaction:Pclass:Sex:1:1", 
        "interaction:Pclass:Sex:2:0", 
        "interaction:Pclass:Sex:2:1", 
        "interaction:Pclass:FamilySize:3:0.0", 
        "interaction:Pclass:FamilySize:1:0.4"
    ], 
    "tree": {
        "rightChild": [
            28, 
            17, 
            10, 
            7, 
            6, 
            -1, 
            -1, 
            9, 
            -1, 
            -1, 
            14, 
            13, 
            -1, 
            -1, 
            16, 
            -1, 
            -1, 
            23, 
            22, 
            21, 
            -1, 
            -1, 
            -1, 
            25, 
            -1, 
            27, 
            -1, 
            -1, 
            42, 
            37, 
            34, 
            33, 
            -1, 
            -1, 
            36, 
            -1, 
            -1, 
            41, 
            40, 
            -1, 
            -1, 
            -1, 
            50, 
            47, 
            46, 
            -1, 
            -1, 
            49, 
            -1, 
            -1, 
            52, 
            -1, 
            -1
        ], 
        "impurity": [
            0.500000000000008, 
            0.33143228844587624, 
            0.12359853391637277, 
            0.040996037136522445, 
            0.017552542437794694, 
            0.0, 
            0.06272985017958621, 
            0.1230850897173118, 
            4.440892098500626e-16, 
            0.2457800286832772, 
            0.45437972723608444, 
            0.22560690808151462, 
            -1.7763568394002505e-15, 
            0.4268594859770065, 
            0.31903290973203435, 
            0.0, 
            0.48048094432882404, 
            0.4861583429271643, 
            0.2810134195719157, 
            0.21039235648836996, 
            0.0, 
            0.3957848707026077, 
            -1.3322676295501878e-15, 
            0.4144490701203105, 
            0.0, 
            0.4480226346431585, 
            0.36675481268123555, 
            0.49538272919551574, 
            0.36344454607729604, 
            0.27971851067487985, 
            0.24504270306008402, 
            0.49999682759233277, 
            0.0, 
            0.4436962298995538, 
            0.2289895565502229, 
            0.21740601585894126, 
            0.37405482378070753, 
            0.4366150176017023, 
            0.464754663950399, 
            0.0, 
            0.4779591763204154, 
            -1.9984014443252818e-15, 
            0.49225835262756146, 
            0.49971691773244764, 
            0.4704963433810673, 
            0.2084132621684599, 
            0.499996827592333, 
            0.4830254732239545, 
            0.15608150982709856, 
            0.4704963433810676, 
            0.22599935109740388, 
            0.0, 
            1.4432899320127035e-15
        ], 
        "probas": [
            [
                0.49999999999999817, 
                0.5000000000000019
            ], 
            [
                0.2096831803407504, 
                0.7903168196592496
            ], 
            [
                0.06617891586298623, 
                0.9338210841370137
            ], 
            [
                0.02093634928984741, 
                0.9790636507101526
            ], 
            [
                0.008854676515084087, 
                0.9911453234849159
            ], 
            [
                0.0, 
                1.0
            ], 
            [
                0.03241570288320575, 
                0.9675842971167943
            ], 
            [
                0.06588313193179939, 
                0.9341168680682006
            ], 
            [
                0.0, 
                1.0
            ], 
            [
                0.14347512617159336, 
                0.8565248738284067
            ], 
            [
                0.3489697501096011, 
                0.651030249890399
            ], 
            [
                0.12959947899706936, 
                0.8704005210029306
            ], 
            [
                0.0, 
                1.0
            ], 
            [
                0.3087664856477889, 
                0.691233514352211
            ], 
            [
                0.8008048289738431, 
                0.19919517102615697
            ], 
            [
                1.0, 
                0.0
            ], 
            [
                0.40120967741935487, 
                0.5987903225806452
            ], 
            [
                0.41680848278570515, 
                0.583191517214295
            ], 
            [
                0.8308977035490606, 
                0.16910229645093944
            ], 
            [
                0.8805309734513275, 
                0.11946902654867256
            ], 
            [
                1.0, 
                0.0
            ], 
            [
                0.728270814272644, 
                0.27172918572735594
            ], 
            [
                0.0, 
                1.0
            ], 
            [
                0.29317769718948333, 
                0.7068223028105167
            ], 
            [
                0.0, 
                1.0
            ], 
            [
                0.3387899423782086, 
                0.6612100576217914
            ], 
            [
                0.24188647137474178, 
                0.7581135286252583
            ], 
            [
                0.45195173882185957, 
                0.5480482611781404
            ], 
            [
                0.7613000707259044, 
                0.23869992927409553
            ], 
            [
                0.8318745917700846, 
                0.1681254082299154
            ], 
            [
                0.8570415220530486, 
                0.14295847794695132
            ], 
            [
                0.5012594458438288, 
                0.4987405541561713
            ], 
            [
                0.0, 
                1.0
            ], 
            [
                0.6677852348993288, 
                0.33221476510067116
            ], 
            [
                0.8681103390627447, 
                0.13188966093725535
            ], 
            [
                0.8758949215811905, 
                0.12410507841880959
            ], 
            [
                0.750943396226415, 
                0.24905660377358496
            ], 
            [
                0.6780238500851788, 
                0.3219761499148211
            ], 
            [
                0.6327503974562798, 
                0.36724960254372013
            ], 
            [
                1.0, 
                0.0
            ], 
            [
                0.6049781493444804, 
                0.39502185065551965
            ], 
            [
                1.0, 
                0.0
            ], 
            [
                0.5622159439872253, 
                0.4377840560127747
            ], 
            [
                0.5118971061093247, 
                0.48810289389067524
            ], 
            [
                0.3785428951873692, 
                0.6214571048126307
            ], 
            [
                0.1181710213776722, 
                0.8818289786223278
            ], 
            [
                0.5012594458438286, 
