{
    "featureNames": [
        "dummy:Pclass:3", 
        "dummy:Pclass:1", 
        "dummy:Pclass:N/A", 
        "dummy:Pclass:__Others__", 
        "dummy:Sex:0", 
        "dummy:Sex:N/A", 
        "dummy:Sex:__Others__", 
        "dummy:FamilySize:0.0", 
        "dummy:FamilySize:0.4", 
        "dummy:FamilySize:0.8", 
        "dummy:FamilySize:1.2", 
        "dummy:FamilySize:N/A", 
        "dummy:FamilySize:__Others__", 
        "interaction:Pclass:Sex:3:0", 
        "interaction:Pclass:Sex:3:1", 
        "interaction:Pclass:Sex:1:1", 
        "interaction:Pclass:Sex:2:0", 
        "interaction:Pclass:Sex:2:1", 
        "interaction:Pclass:FamilySize:3:0.0", 
        "interaction:Pclass:FamilySize:1:0.0", 
        "interaction:Pclass:FamilySize:1:0.4", 
        "interaction:Pclass:FamilySize:1:0.8", 
        "interaction:Pclass:FamilySize:2:0.8", 
        "interaction:Pclass:FamilySize:3:2.0", 
        "interaction:Pclass:FamilySize:2:1.2"
    ], 
    "tree": {
        "rightChild": [
            18, 
            13, 
            8, 
            7, 
            6, 
            -1, 
            -1, 
            -1, 
            12, 
            11, 
            -1, 
            -1, 
            -1, 
            17, 
            16, 
            -1, 
            -1, 
            -1, 
            28, 
            25, 
            24, 
            23, 
            -1, 
            -1, 
            -1, 
            27, 
            -1, 
            -1, 
            34, 
            33, 
            32, 
            -1, 
            -1, 
            -1, 
            36, 
            -1, 
            -1
        ], 
        "impurity": [
            0.500000000000008, 
            0.4072808612002611, 
            0.370537960735833, 
            0.2878049620357783, 
            0.30268618010510284, 
            0.29682695687708294, 
            0.48048094432882726, 
            0.0, 
            0.4956376041540942, 
            0.49354772342313136, 
            0.47477396449704223, 
            0.49410056317081164, 
            1.1435297153639112e-14, 
            0.45437972723609876, 
            0.41913932840907, 
            0.40904334393608444, 
            0.4268594859770054, 
            0.49609179666556713, 
            0.2911258590035256, 
            0.04099603713652433, 
            0.029878612031893015, 
            0.08717509658018441, 
            5.551115123125783e-16, 
            0.2457800286832772, 
            0.0, 
            0.15945205542806906, 
            0.0, 
            0.4804809443288246, 
            0.4851804671999973, 
            0.45437972723608777, 
            0.4378242772403461, 
            0.44712802851051636, 
            0.2984748758522018, 
            0.49120047645333875, 
            0.3357652830070744, 
            0.41915227033087965, 
            1.5543122344752192e-15
        ], 
        "probas": [
            [
                0.49999999999999817, 
                0.5000000000000019
            ], 
            [
                0.7153127246585183, 
                0.28468727534148186
            ], 
            [
                0.7544229149115412, 
                0.24557708508845888
            ], 
            [
                0.8257261410788379, 
                0.17427385892116218
            ], 
            [
                0.8140969753872976, 
                0.18590302461270236
            ], 
            [
                0.81872640549766, 
                0.18127359450233999
            ], 
            [
                0.40120967741935487, 
                0.5987903225806452
            ], 
            [
                1.0, 
                0.0
            ], 
            [
                0.5467032967032969, 
                0.4532967032967032
            ], 
            [
                0.5567991046446559, 
                0.44320089535534396
            ], 
            [
                0.6123076923076922, 
                0.38769230769230767
            ], 
            [
                0.4456886898096305, 
                0.5543113101903695
            ], 
            [
                0.0, 
                1.0
            ], 
            [
                0.34896975010960113, 
                0.6510302498903989
            ], 
            [
                0.29892703862660946, 
                0.7010729613733906
            ], 
            [
                0.2867435158501441, 
                0.713256484149856
            ], 
            [
                0.3087664856477889, 
                0.691233514352211
            ], 
            [
                0.4557947778286761, 
                0.5442052221713239
            ], 
            [
                0.17683275150745753, 
                0.8231672484925424
            ], 
            [
                0.02093634928984741, 
                0.9790636507101526
            ], 
            [
                0.015169417235202168, 
                0.9848305827647977
            ], 
            [
                0.04567362864356211, 
                0.9543263713564379
            ], 
            [
                0.0, 
                1.0
            ], 
            [
                0.14347512617159336, 
                0.8565248738284067
            ], 
            [
                0.0, 
                1.0
            ], 
            [
                0.08735733099209832, 
                0.9126426690079016
            ], 
            [
                0.0, 
                1.0
            ], 
            [
                0.40120967741935487, 
                0.5987903225806452
            ], 
            [
                0.41392, 
                0.5860799999999999
            ], 
            [
                0.34896975010960113, 
                0.6510302498903988
            ], 
            [
                0.323682498373455, 
                0.676317501626545
            ], 
            [
                0.3374085311440302, 
                0.6625914688559699
            ], 
            [
                0.18256880733944952, 
                0.8174311926605505
            ], 
            [
                0.43366929991827835, 
                0.5663307000817217
            ], 
            [
                0.7865612648221344, 
                0.21343873517786563
            ], 
            [
                0.7010568696527428, 
                0.2989431303472572
            ], 
            [
                1.0, 
                0.0
            ]
        ], 
        "feature": [
            6, 
            9, 
            1, 
            12, 
            10, 
            -2, 
            -2, 
            -2, 
            10, 
            20, 
            -2, 
            -2, 
            -2, 
            21, 
            0, 
            -2, 
            -2, 
            -2, 
            14, 
            10, 
            1, 
            8, 
            -2, 
            -2, 
            -2, 
            15, 
            -2, 
            -2, 
            12, 
            8, 
            10, 
            -2, 
            -2, 
            -2, 
            23, 
            -2, 
            -2
        ], 
        "leftChild": [
            1, 
            2, 
            3, 
            4, 
            5, 
            -1, 
            -1, 
            -1, 
            9, 
            10, 
            -1, 
            -1, 
            -1, 
            14, 
            15, 
            -1, 
            -1, 
            -1, 
            19, 
            20, 
            21, 
            22, 
            -1, 
            -1, 
            -1, 
            26, 
            -1, 
            -1, 
            29, 
            30, 
            31, 
            -1, 
            -1, 
            -1, 
            35, 
            -1, 
            -1
        ],